/*Insert into person*/
INSERT INTO `Person` (`personID`,`firstName`,`lastName`,`birthDate`,`phone`) VALUES (1,"Wilma","Rosales","1972-06-06","559-926-6836");
INSERT INTO `Person` (`personID`,`firstName`,`lastName`,`birthDate`,`phone`) VALUES (2,"Adara","Mccray","1962-10-13","276-667-6174");
INSERT INTO `Person` (`personID`,`firstName`,`lastName`,`birthDate`,`phone`) VALUES (3,"Griffin","Marquez","1996-07-06","162-534-8539");
INSERT INTO `Person` (`personID`,`firstName`,`lastName`,`birthDate`,`phone`) VALUES (4,"Kane","Rollins","1993-11-25","122-110-6713");
INSERT INTO `Person` (`personID`,`firstName`,`lastName`,`birthDate`,`phone`) VALUES (5,"Ryan","Joseph","1998-03-11","154-221-9906");
INSERT INTO `Person` (`personID`,`firstName`,`lastName`,`birthDate`,`phone`) VALUES (6,"Blake","Donovan","2014-10-27","215-277-8472");
INSERT INTO `Person` (`personID`,`firstName`,`lastName`,`birthDate`,`phone`) VALUES (7,"Blake","Barnes","1990-10-23","788-317-1585");
INSERT INTO `Person` (`personID`,`firstName`,`lastName`,`birthDate`,`phone`) VALUES (8,"Stephen","Randall","1989-01-19","623-874-5038");
INSERT INTO `Person` (`personID`,`firstName`,`lastName`,`birthDate`,`phone`) VALUES (9,"Wesley","Cotton","1961-11-16","740-848-3849");
INSERT INTO `Person` (`personID`,`firstName`,`lastName`,`birthDate`,`phone`) VALUES (10,"Adele","White","1981-11-23","782-931-6354");
INSERT INTO `Person` (`personID`,`firstName`,`lastName`,`birthDate`,`phone`) VALUES (11,"Brett","Mercado","1964-09-07","867-612-1367");
INSERT INTO `Person` (`personID`,`firstName`,`lastName`,`birthDate`,`phone`) VALUES (12,"Hamish","Vincent","1984-12-24","999-394-1860");
INSERT INTO `Person` (`personID`,`firstName`,`lastName`,`birthDate`,`phone`) VALUES (13,"Latifah","Duffy","1976-12-23","870-709-8000");
INSERT INTO `Person` (`personID`,`firstName`,`lastName`,`birthDate`,`phone`) VALUES (14,"Ava","Noel","2012-09-04","208-348-4611");
INSERT INTO `Person` (`personID`,`firstName`,`lastName`,`birthDate`,`phone`) VALUES (15,"Addison","Lara","2012-01-12","556-519-9539");
INSERT INTO `Person` (`personID`,`firstName`,`lastName`,`birthDate`,`phone`) VALUES (16,"Jennifer","Evans","1964-07-23","286-810-2143");
INSERT INTO `Person` (`personID`,`firstName`,`lastName`,`birthDate`,`phone`) VALUES (17,"Keaton","Mcmillan","2000-01-21","764-780-1662");
INSERT INTO `Person` (`personID`,`firstName`,`lastName`,`birthDate`,`phone`) VALUES (18,"Wendy","Rosa","2003-08-29","869-751-1269");
INSERT INTO `Person` (`personID`,`firstName`,`lastName`,`birthDate`,`phone`) VALUES (19,"Kirsten","Chan","1997-07-01","821-641-4983");
INSERT INTO `Person` (`personID`,`firstName`,`lastName`,`birthDate`,`phone`) VALUES (20,"Dolan","Soto","1966-11-21","453-358-1766");
INSERT INTO `Person` (`personID`,`firstName`,`lastName`,`birthDate`,`phone`) VALUES (21,"Amy","Gonzalez","1961-07-06","447-907-8237");
INSERT INTO `Person` (`personID`,`firstName`,`lastName`,`birthDate`,`phone`) VALUES (22,"Tanisha","Cleveland","1983-11-24","985-957-9720");
INSERT INTO `Person` (`personID`,`firstName`,`lastName`,`birthDate`,`phone`) VALUES (23,"Yetta","Oliver","1963-01-31","193-258-9554");
INSERT INTO `Person` (`personID`,`firstName`,`lastName`,`birthDate`,`phone`) VALUES (24,"Acton","Rutledge","1963-02-13","241-943-3718");
INSERT INTO `Person` (`personID`,`firstName`,`lastName`,`birthDate`,`phone`) VALUES (25,"Armand","Nguyen","1960-12-01","674-887-0071");
INSERT INTO `Person` (`personID`,`firstName`,`lastName`,`birthDate`,`phone`) VALUES (26,"Shelly","Pierce","2017-01-19","108-338-1914");
INSERT INTO `Person` (`personID`,`firstName`,`lastName`,`birthDate`,`phone`) VALUES (27,"Audrey","Justice","1997-04-16","705-955-6851");
INSERT INTO `Person` (`personID`,`firstName`,`lastName`,`birthDate`,`phone`) VALUES (28,"Gil","Navarro","1972-09-02","745-632-3599");
INSERT INTO `Person` (`personID`,`firstName`,`lastName`,`birthDate`,`phone`) VALUES (29,"Hector","Morrison","1975-05-16","177-828-9084");
INSERT INTO `Person` (`personID`,`firstName`,`lastName`,`birthDate`,`phone`) VALUES (30,"Kennan","Gallagher","1958-09-21","364-426-8827");
INSERT INTO `Person` (`personID`,`firstName`,`lastName`,`birthDate`,`phone`) VALUES (31,"Mara","Castro","2004-04-30","437-579-9204");
INSERT INTO `Person` (`personID`,`firstName`,`lastName`,`birthDate`,`phone`) VALUES (32,"Dara","Church","2005-03-22","814-990-2185");
INSERT INTO `Person` (`personID`,`firstName`,`lastName`,`birthDate`,`phone`) VALUES (33,"Adara","Anthony","1981-01-02","652-147-3578");
INSERT INTO `Person` (`personID`,`firstName`,`lastName`,`birthDate`,`phone`) VALUES (34,"Jared","Daniels","1992-07-30","453-485-8228");
INSERT INTO `Person` (`personID`,`firstName`,`lastName`,`birthDate`,`phone`) VALUES (35,"Colton","Lee","1985-05-01","380-250-8238");
INSERT INTO `Person` (`personID`,`firstName`,`lastName`,`birthDate`,`phone`) VALUES (36,"Iliana","Frederick","2010-02-18","895-279-4901");
INSERT INTO `Person` (`personID`,`firstName`,`lastName`,`birthDate`,`phone`) VALUES (37,"Jennifer","Cardenas","2001-06-23","463-346-8311");
INSERT INTO `Person` (`personID`,`firstName`,`lastName`,`birthDate`,`phone`) VALUES (38,"Fritz","Dickson","1961-06-14","507-979-1544");
INSERT INTO `Person` (`personID`,`firstName`,`lastName`,`birthDate`,`phone`) VALUES (39,"Vielka","Walter","1978-11-10","766-167-3082");
INSERT INTO `Person` (`personID`,`firstName`,`lastName`,`birthDate`,`phone`) VALUES (40,"Lara","Stevenson","2002-03-27","739-880-3780");
INSERT INTO `Person` (`personID`,`firstName`,`lastName`,`birthDate`,`phone`) VALUES (41,"Dana","Burgess","1975-08-14","490-807-8913");
INSERT INTO `Person` (`personID`,`firstName`,`lastName`,`birthDate`,`phone`) VALUES (42,"Taylor","Franks","1988-01-10","574-551-0128");
INSERT INTO `Person` (`personID`,`firstName`,`lastName`,`birthDate`,`phone`) VALUES (43,"Norman","Lowe","1998-01-07","133-849-4593");
INSERT INTO `Person` (`personID`,`firstName`,`lastName`,`birthDate`,`phone`) VALUES (44,"Madonna","Miranda","1984-12-17","199-575-9852");
INSERT INTO `Person` (`personID`,`firstName`,`lastName`,`birthDate`,`phone`) VALUES (45,"Simone","Rivera","2013-07-22","691-364-3028");
INSERT INTO `Person` (`personID`,`firstName`,`lastName`,`birthDate`,`phone`) VALUES (46,"Sopoline","Mendoza","1973-06-13","776-908-7883");
INSERT INTO `Person` (`personID`,`firstName`,`lastName`,`birthDate`,`phone`) VALUES (47,"Sandra","Guy","2010-01-25","238-131-5025");
INSERT INTO `Person` (`personID`,`firstName`,`lastName`,`birthDate`,`phone`) VALUES (48,"Palmer","Mcgowan","1965-10-02","926-927-5536");
INSERT INTO `Person` (`personID`,`firstName`,`lastName`,`birthDate`,`phone`) VALUES (49,"Arden","Curry","1993-11-30","125-507-2075");
INSERT INTO `Person` (`personID`,`firstName`,`lastName`,`birthDate`,`phone`) VALUES (50,"Lester","Farley","1978-10-29","167-592-3712");
INSERT INTO `Person` (`personID`,`firstName`,`lastName`,`birthDate`,`phone`) VALUES (51,"Carla","Dalton","1971-10-06","791-824-5878");
INSERT INTO `Person` (`personID`,`firstName`,`lastName`,`birthDate`,`phone`) VALUES (52,"Iris","Conrad","1988-10-07","183-265-9221");
INSERT INTO `Person` (`personID`,`firstName`,`lastName`,`birthDate`,`phone`) VALUES (53,"Callum","Zamora","2011-07-05","486-904-2530");
INSERT INTO `Person` (`personID`,`firstName`,`lastName`,`birthDate`,`phone`) VALUES (54,"Hillary","Simpson","1963-12-11","802-390-9879");
INSERT INTO `Person` (`personID`,`firstName`,`lastName`,`birthDate`,`phone`) VALUES (55,"Basil","Stevens","1962-11-11","880-842-6344");
INSERT INTO `Person` (`personID`,`firstName`,`lastName`,`birthDate`,`phone`) VALUES (56,"James","Calhoun","1998-04-16","889-321-2834");
INSERT INTO `Person` (`personID`,`firstName`,`lastName`,`birthDate`,`phone`) VALUES (57,"Baxter","Peck","1987-03-22","382-291-6838");
INSERT INTO `Person` (`personID`,`firstName`,`lastName`,`birthDate`,`phone`) VALUES (58,"Ina","Elliott","1959-07-10","451-716-3658");
INSERT INTO `Person` (`personID`,`firstName`,`lastName`,`birthDate`,`phone`) VALUES (59,"Zelda","Head","1999-07-16","239-244-6052");
INSERT INTO `Person` (`personID`,`firstName`,`lastName`,`birthDate`,`phone`) VALUES (60,"Linda","Erickson","1971-03-14","202-966-2970");

/* Employee are from 1 through 20 and 30 to 35 */
INSERT INTO `Employee` (`personID`,`hireDate`) VALUES (1,"1986-05-31");
INSERT INTO `Employee` (`personID`,`hireDate`) VALUES (2,"2014-07-21");
INSERT INTO `Employee` (`personID`,`hireDate`) VALUES (3,"1987-09-30");
INSERT INTO `Employee` (`personID`,`hireDate`) VALUES (4,"2006-12-12");
INSERT INTO `Employee` (`personID`,`hireDate`) VALUES (5,"2011-12-24");
INSERT INTO `Employee` (`personID`,`hireDate`) VALUES (6,"1992-01-22");
INSERT INTO `Employee` (`personID`,`hireDate`) VALUES (7,"1990-10-23");
INSERT INTO `Employee` (`personID`,`hireDate`) VALUES (8,"2009-07-09");
INSERT INTO `Employee` (`personID`,`hireDate`) VALUES (9,"2008-02-23");
INSERT INTO `Employee` (`personID`,`hireDate`) VALUES (10,"1998-03-30");
INSERT INTO `Employee` (`personID`,`hireDate`) VALUES (11,"2015-07-19");
INSERT INTO `Employee` (`personID`,`hireDate`) VALUES (12,"1998-09-24");
INSERT INTO `Employee` (`personID`,`hireDate`) VALUES (13,"2011-12-13");
INSERT INTO `Employee` (`personID`,`hireDate`) VALUES (14,"2008-02-10");
INSERT INTO `Employee` (`personID`,`hireDate`) VALUES (15,"1992-01-19");
INSERT INTO `Employee` (`personID`,`hireDate`) VALUES (16,"2013-08-22");
INSERT INTO `Employee` (`personID`,`hireDate`) VALUES (17,"2010-10-25");
INSERT INTO `Employee` (`personID`,`hireDate`) VALUES (18,"1989-07-22");
INSERT INTO `Employee` (`personID`,`hireDate`) VALUES (19,"1988-11-13");
INSERT INTO `Employee` (`personID`,`hireDate`) VALUES (20,"1998-05-17");
INSERT INTO `Employee` (`personID`,`hireDate`) VALUES (30,"1989-03-03");
INSERT INTO `Employee` (`personID`,`hireDate`) VALUES (31,"1994-07-05");
INSERT INTO `Employee` (`personID`,`hireDate`) VALUES (32,"2003-05-22");
INSERT INTO `Employee` (`personID`,`hireDate`) VALUES (33,"2008-10-24");
INSERT INTO `Employee` (`personID`,`hireDate`) VALUES (34,"2004-01-31");
INSERT INTO `Employee` (`personID`,`hireDate`) VALUES (35,"2013-10-29");

/* physician from 35 to 55 */
INSERT INTO `Physician` (`personID`,`specialty`,`pagerNumber`) VALUES (35,"Microbiologist","16221211-4165");
INSERT INTO `Physician` (`personID`,`specialty`,`pagerNumber`) VALUES (36,"Gynecologist","16381015-2532");
INSERT INTO `Physician` (`personID`,`specialty`,`pagerNumber`) VALUES (37,"Microbiologist","16081109-9068");
INSERT INTO `Physician` (`personID`,`specialty`,`pagerNumber`) VALUES (38,"Microbiologist","16881011-1214");
INSERT INTO `Physician` (`personID`,`specialty`,`pagerNumber`) VALUES (39,"Physiologist","16310223-6027");
INSERT INTO `Physician` (`personID`,`specialty`,`pagerNumber`) VALUES (40,"Urologist","16250927-1769");
INSERT INTO `Physician` (`personID`,`specialty`,`pagerNumber`) VALUES (41,"Neurologist","16570206-1242");
INSERT INTO `Physician` (`personID`,`specialty`,`pagerNumber`) VALUES (42,"Cardiologist","16080218-4143");
INSERT INTO `Physician` (`personID`,`specialty`,`pagerNumber`) VALUES (43,"Cardiologist","16960123-8125");
INSERT INTO `Physician` (`personID`,`specialty`,`pagerNumber`) VALUES (44,"Oncologist","16070521-3189");
INSERT INTO `Physician` (`personID`,`specialty`,`pagerNumber`) VALUES (45,"Microbiologist","16660810-6800");
INSERT INTO `Physician` (`personID`,`specialty`,`pagerNumber`) VALUES (46,"Microbiologist","16510103-9278");
INSERT INTO `Physician` (`personID`,`specialty`,`pagerNumber`) VALUES (47,"Audiologist","16561211-8074");
INSERT INTO `Physician` (`personID`,`specialty`,`pagerNumber`) VALUES (48,"Urologist","16400429-2019");
INSERT INTO `Physician` (`personID`,`specialty`,`pagerNumber`) VALUES (49,"Audiologist","16690328-5770");
INSERT INTO `Physician` (`personID`,`specialty`,`pagerNumber`) VALUES (50,"Physiologist","16760322-6445");
INSERT INTO `Physician` (`personID`,`specialty`,`pagerNumber`) VALUES (51,"Urologist","16600619-2089");
INSERT INTO `Physician` (`personID`,`specialty`,`pagerNumber`) VALUES (52,"Cardiologist","16250916-0848");
INSERT INTO `Physician` (`personID`,`specialty`,`pagerNumber`) VALUES (53,"Oncologist","16490509-8291");
INSERT INTO `Physician` (`personID`,`specialty`,`pagerNumber`) VALUES (54,"Oncologist","16210925-0346");
INSERT INTO `Physician` (`personID`,`specialty`,`pagerNumber`) VALUES (55,"Urologist","16980307-6315");

/* Patient 21 to 40 has physician id between 35 and 55 */
INSERT INTO `Patient` (`personID`,`contactDate`,`treatingpersonID`) VALUES (21,"2015-06-15",49);
INSERT INTO `Patient` (`personID`,`contactDate`,`treatingpersonID`) VALUES (22,"2009-11-26",37);
INSERT INTO `Patient` (`personID`,`contactDate`,`treatingpersonID`) VALUES (23,"2009-10-16",37);
INSERT INTO `Patient` (`personID`,`contactDate`,`treatingpersonID`) VALUES (24,"2013-03-27",38);
INSERT INTO `Patient` (`personID`,`contactDate`,`treatingpersonID`) VALUES (25,"2014-11-08",37);
INSERT INTO `Patient` (`personID`,`contactDate`,`treatingpersonID`) VALUES (26,"2016-05-28",41);
INSERT INTO `Patient` (`personID`,`contactDate`,`treatingpersonID`) VALUES (27,"2017-02-16",52);
INSERT INTO `Patient` (`personID`,`contactDate`,`treatingpersonID`) VALUES (28,"2013-11-14",52);
INSERT INTO `Patient` (`personID`,`contactDate`,`treatingpersonID`) VALUES (29,"2009-11-29",51);
INSERT INTO `Patient` (`personID`,`contactDate`,`treatingpersonID`) VALUES (30,"2015-03-22",46);
INSERT INTO `Patient` (`personID`,`contactDate`,`treatingpersonID`) VALUES (31,"2010-12-17",55);
INSERT INTO `Patient` (`personID`,`contactDate`,`treatingpersonID`) VALUES (32,"2016-04-26",51);
INSERT INTO `Patient` (`personID`,`contactDate`,`treatingpersonID`) VALUES (33,"2012-10-18",43);
INSERT INTO `Patient` (`personID`,`contactDate`,`treatingpersonID`) VALUES (34,"2013-04-26",55);
INSERT INTO `Patient` (`personID`,`contactDate`,`treatingpersonID`) VALUES (35,"2016-03-30",44);
INSERT INTO `Patient` (`personID`,`contactDate`,`treatingpersonID`) VALUES (36,"2011-01-20",55);
INSERT INTO `Patient` (`personID`,`contactDate`,`treatingpersonID`) VALUES (37,"2013-07-02",41);
INSERT INTO `Patient` (`personID`,`contactDate`,`treatingpersonID`) VALUES (38,"2012-11-02",42);
INSERT INTO `Patient` (`personID`,`contactDate`,`treatingpersonID`) VALUES (39,"2014-04-25",49);
INSERT INTO `Patient` (`personID`,`contactDate`,`treatingpersonID`) VALUES (40,"2012-08-04",46);

/* Volunteer are from 15-20 25-30 and 50-60 */
INSERT INTO `Volunteer` (`personID`,`Skill`) VALUES (15,"Cleaning");
INSERT INTO `Volunteer` (`personID`,`Skill`) VALUES (16,"Cleaning");
INSERT INTO `Volunteer` (`personID`,`Skill`) VALUES (17,"Paper Work");
INSERT INTO `Volunteer` (`personID`,`Skill`) VALUES (18,NULL);
INSERT INTO `Volunteer` (`personID`,`Skill`) VALUES (19,"Patient Care");
INSERT INTO `Volunteer` (`personID`,`Skill`) VALUES (20,NULL);
INSERT INTO `Volunteer` (`personID`,`Skill`) VALUES (25,"Cleaning");
INSERT INTO `Volunteer` (`personID`,`Skill`) VALUES (26,"Patient Care");
INSERT INTO `Volunteer` (`personID`,`Skill`) VALUES (27,"Paper Work");
INSERT INTO `Volunteer` (`personID`,`Skill`) VALUES (28,NULL);
INSERT INTO `Volunteer` (`personID`,`Skill`) VALUES (29,"Patient Care");
INSERT INTO `Volunteer` (`personID`,`Skill`) VALUES (30,"Paper Work");
INSERT INTO `Volunteer` (`personID`,`Skill`) VALUES (50,NULL);
INSERT INTO `Volunteer` (`personID`,`Skill`) VALUES (51,"Patient Care");
INSERT INTO `Volunteer` (`personID`,`Skill`) VALUES (52,"Cooking");
INSERT INTO `Volunteer` (`personID`,`Skill`) VALUES (53,"Cooking");
INSERT INTO `Volunteer` (`personID`,`Skill`) VALUES (54,NULL);
INSERT INTO `Volunteer` (`personID`,`Skill`) VALUES (55,"Patient Care");
INSERT INTO `Volunteer` (`personID`,`Skill`) VALUES (56,"Paper Work");
INSERT INTO `Volunteer` (`personID`,`Skill`) VALUES (57,"Patient Care");
INSERT INTO `Volunteer` (`personID`,`Skill`) VALUES (58,NULL);
INSERT INTO `Volunteer` (`personID`,`Skill`) VALUES (59,"Cooking");
INSERT INTO `Volunteer` (`personID`,`Skill`) VALUES (60,"Blood Tests");

/* nurses are from 11 to 20 i got rid of the carecenter name from here coz carecentername is a pk in carecenterclass whiich isnt related to the nurse class. */
INSERT INTO `Nurse` (`personID`,`certificate`) VALUES (11,0);
INSERT INTO `Nurse` (`personID`,`certificate`) VALUES (12,1);
INSERT INTO `Nurse` (`personID`,`certificate`) VALUES (13,0);
INSERT INTO `Nurse` (`personID`,`certificate`) VALUES (14,1);
INSERT INTO `Nurse` (`personID`,`certificate`) VALUES (15,0);
INSERT INTO `Nurse` (`personID`,`certificate`) VALUES (16,0);
INSERT INTO `Nurse` (`personID`,`certificate`) VALUES (17,1);
INSERT INTO `Nurse` (`personID`,`certificate`) VALUES (18,1);
INSERT INTO `Nurse` (`personID`,`certificate`) VALUES (19,1);
INSERT INTO `Nurse` (`personID`,`certificate`) VALUES (20,1);


/* 12, 14 to 20 registered nurses */
INSERT INTO `RegNurse` (`personID`) VALUES (12);
INSERT INTO `RegNurse` (`personID`) VALUES (14);
INSERT INTO `RegNurse` (`personID`) VALUES (17);
INSERT INTO `RegNurse` (`personID`) VALUES (18);
INSERT INTO `RegNurse` (`personID`) VALUES (19);
INSERT INTO `RegNurse` (`personID`) VALUES (20);

/* 6 Care center with one head nurse for each Memorial Care|Urgent Care|Health Care|Pioneer Medical|Kaiser Permenate|CareMore Medical */
INSERT INTO `CareCenter` (`careCenterName`,`careCenterLocation`,`headpersonID`, `personID`) VALUES ("Pioneer Medical","932-6505 Posuere, Avenue",17,11);
INSERT INTO `CareCenter` (`careCenterName`,`careCenterLocation`,`headpersonID`, `personID`) VALUES ("Memorial Care","648-5253 Nisi Rd.",12,12);
INSERT INTO `CareCenter` (`careCenterName`,`careCenterLocation`,`headpersonID`, `personID`) VALUES ("Health Care","617-4318 Vel St.",12,13);
INSERT INTO `CareCenter` (`careCenterName`,`careCenterLocation`,`headpersonID`, `personID`) VALUES ("CareMore Medical","8879 Eget Road",14,15);
INSERT INTO `CareCenter` (`careCenterName`,`careCenterLocation`,`headpersonID`, `personID`) VALUES ("Kaiser Permenate","7224 Dictum St.",18,16);
INSERT INTO `CareCenter` (`careCenterName`,`careCenterLocation`,`headpersonID`, `personID`) VALUES ("Urgent Care","P.O. Box 716, 9466 Egestas St.",17,11);

/* Resident are 31 to 40 */
INSERT INTO `Resident` (`personID`,`admittedDate`) VALUES (31,"2014-07-02");
INSERT INTO `Resident` (`personID`,`admittedDate`) VALUES (32,"2014-10-06");
INSERT INTO `Resident` (`personID`,`admittedDate`) VALUES (33,"2014-12-29");
INSERT INTO `Resident` (`personID`,`admittedDate`) VALUES (34,"2013-10-17");
INSERT INTO `Resident` (`personID`,`admittedDate`) VALUES (35,"2016-10-28");
INSERT INTO `Resident` (`personID`,`admittedDate`) VALUES (36,"2015-06-26");
INSERT INTO `Resident` (`personID`,`admittedDate`) VALUES (37,"2014-11-04");
INSERT INTO `Resident` (`personID`,`admittedDate`) VALUES (38,"2014-07-17");
INSERT INTO `Resident` (`personID`,`admittedDate`) VALUES (39,"2014-11-23");
INSERT INTO `Resident` (`personID`,`admittedDate`) VALUES (40,"2015-12-29");

/* Beds for the resident Null are empty beds */
INSERT INTO `Bed` (`careCenterName`,`bedNumber`,`personID`) VALUES ("CareMore Medical",130,31);
INSERT INTO `Bed` (`careCenterName`,`bedNumber`,`personID`) VALUES ("Memorial Care",131,32);
INSERT INTO `Bed` (`careCenterName`,`bedNumber`,`personID`) VALUES ("Pioneer Medical",132,33);
INSERT INTO `Bed` (`careCenterName`,`bedNumber`,`personID`) VALUES ("Urgent Care",133,34);
INSERT INTO `Bed` (`careCenterName`,`bedNumber`,`personID`) VALUES ("CareMore Medical",134,35);
INSERT INTO `Bed` (`careCenterName`,`bedNumber`,`personID`) VALUES ("CareMore Medical",135,36);
INSERT INTO `Bed` (`careCenterName`,`bedNumber`,`personID`) VALUES ("CareMore Medical",136,37);
INSERT INTO `Bed` (`careCenterName`,`bedNumber`,`personID`) VALUES ("Pioneer Medical",137,38);
INSERT INTO `Bed` (`careCenterName`,`bedNumber`,`personID`) VALUES ("Pioneer Medical",138,39);
INSERT INTO `Bed` (`careCenterName`,`bedNumber`,`personID`) VALUES ("CareMore Medical",139,40);
INSERT INTO `Bed` (`careCenterName`,`bedNumber`,`personID`) VALUES ("Kaiser Permenate",100,Null);
INSERT INTO `Bed` (`careCenterName`,`bedNumber`,`personID`) VALUES ("Pioneer Medical",101,Null);
INSERT INTO `Bed` (`careCenterName`,`bedNumber`,`personID`) VALUES ("CareMore Medical",102,Null);
INSERT INTO `Bed` (`careCenterName`,`bedNumber`,`personID`) VALUES ("Memorial Care",103,Null);

/**/
INSERT INTO `mimisInsurance` (`insurance_id`,`personID`,`discount`) VALUES ("1747599",31,"8263");
INSERT INTO `mimisInsurance` (`insurance_id`,`personID`,`discount`) VALUES ("2401212",32,"6396");
INSERT INTO `mimisInsurance` (`insurance_id`,`personID`,`discount`) VALUES ("1592336",33,"8307");
INSERT INTO `mimisInsurance` (`insurance_id`,`personID`,`discount`) VALUES ("6475563",34,"2685");
INSERT INTO `mimisInsurance` (`insurance_id`,`personID`,`discount`) VALUES ("5786958",35,"9553");
INSERT INTO `mimisInsurance` (`insurance_id`,`personID`,`discount`) VALUES ("4356720",36,"1824");
INSERT INTO `mimisInsurance` (`insurance_id`,`personID`,`discount`) VALUES ("2667580",37,"8742");
INSERT INTO `mimisInsurance` (`insurance_id`,`personID`,`discount`) VALUES ("8570322",38,"7895");
INSERT INTO `mimisInsurance` (`insurance_id`,`personID`,`discount`) VALUES ("8095363",39,"6335");
INSERT INTO `mimisInsurance` (`insurance_id`,`personID`,`discount`) VALUES ("8544641",40,"2021");

/*staff 30 to 35*/
INSERT INTO `Staff` (`personID`,`jobClass`) VALUES (30,"Aliquam");
INSERT INTO `Staff` (`personID`,`jobClass`) VALUES (31,"Fusce");
INSERT INTO `Staff` (`personID`,`jobClass`) VALUES (32,"faucibus");
INSERT INTO `Staff` (`personID`,`jobClass`) VALUES (33,"accumsan");
INSERT INTO `Staff` (`personID`,`jobClass`) VALUES (34,"amet");
INSERT INTO `Staff` (`personID`,`jobClass`) VALUES (35,"orci");

/*Certificates */
INSERT INTO `Biotech` (`biotech_id`,`certificate_num`,`bt_type`) VALUES (100,"BTN84OYJ","vulputate");
INSERT INTO `Biotech` (`biotech_id`,`certificate_num`,`bt_type`) VALUES (101,"WOY91FOY","convallis");
INSERT INTO `Biotech` (`biotech_id`,`certificate_num`,`bt_type`) VALUES (102,"DPN01BPU","lobortis.");
INSERT INTO `Biotech` (`biotech_id`,`certificate_num`,`bt_type`) VALUES (103,"PEA25GXJ","eu");
INSERT INTO `Biotech` (`biotech_id`,`certificate_num`,`bt_type`) VALUES (104,"KRU81LYH","faucibus");
INSERT INTO `Biotech` (`biotech_id`,`certificate_num`,`bt_type`) VALUES (105,"FLE14VKV","tincidunt");
INSERT INTO `Biotech` (`biotech_id`,`certificate_num`,`bt_type`) VALUES (106,"OJM82OKZ","a,");
INSERT INTO `Biotech` (`biotech_id`,`certificate_num`,`bt_type`) VALUES (107,"BEI67APF","Donec");
INSERT INTO `Biotech` (`biotech_id`,`certificate_num`,`bt_type`) VALUES (108,"FZB96NNV","Aliquam");
INSERT INTO `Biotech` (`biotech_id`,`certificate_num`,`bt_type`) VALUES (109,"HAZ20FXR","Morbi");
INSERT INTO `Biotech` (`biotech_id`,`certificate_num`,`bt_type`) VALUES (110,"RRF22MOF","consectetuer");

/*1 through 10 technicia biotech from 100 t0 109*/

INSERT INTO `Technician` (`personID`,`Skill`,`biotech_id`) VALUES (1,NULL,100);
INSERT INTO `Technician` (`personID`,`Skill`,`biotech_id`) VALUES (2,"Blood Tests",101);
INSERT INTO `Technician` (`personID`,`Skill`,`biotech_id`) VALUES (3,"MRI",102);
INSERT INTO `Technician` (`personID`,`Skill`,`biotech_id`) VALUES (4,NULL,103);
INSERT INTO `Technician` (`personID`,`Skill`,`biotech_id`) VALUES (5,"Blood Tests",104);
INSERT INTO `Technician` (`personID`,`Skill`,`biotech_id`) VALUES (6,"MRI",105);
INSERT INTO `Technician` (`personID`,`Skill`,`biotech_id`) VALUES (7,NULL,106);
INSERT INTO `Technician` (`personID`,`Skill`,`biotech_id`) VALUES (8,"Blood Tests",107);
INSERT INTO `Technician` (`personID`,`Skill`,`biotech_id`) VALUES (9,"MRI",108);
INSERT INTO `Technician` (`personID`,`Skill`,`biotech_id`) VALUES (10,NULL,109);

/*Insert into Pteridology Labs|Hematology Labs|Pyrogenics Labs|Radiogenics Labs|Mediagenics Labs*/

INSERT INTO `Laboratory` (`labName`) VALUES ("Hematology Labs");
INSERT INTO `Laboratory` (`labName`) VALUES ("Pteridology Labs");
INSERT INTO `Laboratory` (`labName`) VALUES ("Mediagenics Labs");
INSERT INTO `Laboratory` (`labName`) VALUES ("Radiogenics Labs");
INSERT INTO `Laboratory` (`labName`) VALUES ("Pyrogenics Labs");

/*outpatient 21 to 30*/
INSERT INTO `Outpatient` (`personID`) VALUES (21);
INSERT INTO `Outpatient` (`personID`) VALUES (22);
INSERT INTO `Outpatient` (`personID`) VALUES (23);
INSERT INTO `Outpatient` (`personID`) VALUES (24);
INSERT INTO `Outpatient` (`personID`) VALUES (25);
INSERT INTO `Outpatient` (`personID`) VALUES (26);
INSERT INTO `Outpatient` (`personID`) VALUES (27);
INSERT INTO `Outpatient` (`personID`) VALUES (28);
INSERT INTO `Outpatient` (`personID`) VALUES (29);
INSERT INTO `Outpatient` (`personID`) VALUES (30);

INSERT INTO `TechnicianLab` (`personID`,`labName`,`location`) VALUES (1,"Mediagenics Labs","Ap #605-9965 Convallis Rd.");
INSERT INTO `TechnicianLab` (`personID`,`labName`,`location`) VALUES (2,"Mediagenics Labs","P.O. Box 495, 2785 Cubilia St.");
INSERT INTO `TechnicianLab` (`personID`,`labName`,`location`) VALUES (3,"Mediagenics Labs","P.O. Box 978, 6359 Mauris Street");
INSERT INTO `TechnicianLab` (`personID`,`labName`,`location`) VALUES (4,"Hematology Labs","Ap #713-8909 Luctus Av.");
INSERT INTO `TechnicianLab` (`personID`,`labName`,`location`) VALUES (5,"Pteridology Labs","P.O. Box 548, 5907 Ut Street");
INSERT INTO `TechnicianLab` (`personID`,`labName`,`location`) VALUES (6,"Radiogenics Labs","5596 Nec, Rd.");
INSERT INTO `TechnicianLab` (`personID`,`labName`,`location`) VALUES (7,"Hematology Labs","5167 Mi. Rd.");
INSERT INTO `TechnicianLab` (`personID`,`labName`,`location`) VALUES (8,"Mediagenics Labs","8829 Turpis. Av.");
INSERT INTO `TechnicianLab` (`personID`,`labName`,`location`) VALUES (9,"Pyrogenics Labs","Ap #621-5712 Nec Street");
INSERT INTO `TechnicianLab` (`personID`,`labName`,`location`) VALUES (10,"Pyrogenics Labs","279-1783 Urna. Street");

INSERT INTO `Visit` (`patientID`,`physicianID`,`visitDate`,`comments`) VALUES (21,55,"2015-10-10","Dont eat sugar");
INSERT INTO `Visit` (`patientID`,`physicianID`,`visitDate`,`comments`) VALUES (22,51,"2016-01-04","Work out");
INSERT INTO `Visit` (`patientID`,`physicianID`,`visitDate`,`comments`) VALUES (23,39,"2017-03-09","Drink more water");
INSERT INTO `Visit` (`patientID`,`physicianID`,`visitDate`,`comments`) VALUES (24,40,"2015-07-27","Take the medicine");
INSERT INTO `Visit` (`patientID`,`physicianID`,`visitDate`,`comments`) VALUES (25,35,Null,Null);
INSERT INTO `Visit` (`patientID`,`physicianID`,`visitDate`,`comments`) VALUES (26,53,"2016-07-25","Need Carbs");
INSERT INTO `Visit` (`patientID`,`physicianID`,`visitDate`,`comments`) VALUES (27,38,"2016-09-22","Take Protien");
INSERT INTO `Visit` (`patientID`,`physicianID`,`visitDate`,`comments`) VALUES (28,35,Null,NULL);
INSERT INTO `Visit` (`patientID`,`physicianID`,`visitDate`,`comments`) VALUES (29,47,"2016-02-01","No alcholol");
INSERT INTO `Visit` (`patientID`,`physicianID`,`visitDate`,`comments`) VALUES (30,35,"2015-06-18","Nothing spicry");